기종 (Model),항목 (Section),작업 (Task Description),링크 (Reference)
A321,A. Configuration,Put CHOCK - WHEEL(S) in position,Ref. AMM TASK 10-11-00-555-015
A321,A. Configuration,Make sure that the landing-gear safety devices are installed,Ref. AMM TASK 32-00-00-481-001
A321,A. Configuration,Make sure that the landing-gear doors safety devices are installed,Ref. AMM TASK 32-00-00-481-002
A321,A. Configuration,Install aircraft protection equipment,Ref. AMM TASK 10-11-00-555-013
A321,A. Configuration,Electrically ground the aircraft (E/E),Ref. AMM TASK 12-34-24-869-002
A321,A. Configuration,Make sure that the flaps and the slats are retracted,Ref. AMM TASK 27-50-00-866-009
A321,A. Configuration,Make sure that the spoilers are retracted,Ref. AMM TASK 27-60-00-866-002
A321,A. Configuration,Make sure that the thrust reversers are unserviceable,Ref. AMM TASK 78-30-00-040-013
A321,A. Configuration,Make sure that the thrust reversers are unserviceable,Ref. AMM TASK 78-30-00-040-807
A321,B. Deactivation,Deactivation/Reactivation procedures,Refer to the MMEL or CDL
A321,C. Energization,Energize the aircraft electrical circuits from the external power,Ref. AMM TASK 24-41-00-861-002
A321,C. Energization,Energize the aircraft electrical circuits from the APU,Ref. AMM TASK 24-41-00-861-002
A321,C. Energization,De-energize the aircraft electrical circuits from the external power,Ref. AMM TASK 24-41-00-862-002
A321,C. Energization,De-energize the aircraft electrical circuits from the APU,Ref. AMM TASK 24-41-00-862-002
A321,C. Pressurization,Pressurize the Green hydraulic system,Ref. AMM TASK 29-10-00-863-001
A321,C. Pressurization,Pressurize the Green hydraulic system,Ref. AMM TASK 29-23-00-863-001
A321,C. Pressurization,Pressurize the Yellow hydraulic system,Ref. AMM TASK 29-10-00-863-002
A321,C. Pressurization,Pressurize the Yellow hydraulic system,Ref. AMM TASK 29-23-00-863-002
A321,C. Pressurization,Pressurize the Blue hydraulic system with a ground power supply,Ref. AMM TASK 29-10-00-863-003
A321,C. Pressurization,Pressurize the Blue hydraulic system with the electric pump,Ref. AMM TASK 29-10-00-863-003
A321,C. Pressurization,Depressurize the Green hydraulic system,Ref. AMM TASK 29-10-00-864-001
A321,C. Pressurization,Depressurize the Green hydraulic system,Ref. AMM TASK 29-23-00-864-001
A321,C. Pressurization,Depressurize the Yellow hydraulic system,Ref. AMM TASK 29-10-00-864-002
A321,C. Pressurization,Depressurize the Yellow hydraulic system,Ref. AMM TASK 29-23-00-864-001
A321,C. Pressurization,Depressurize the Blue hydraulic system,Ref. AMM TASK 29-10-00-864-003
A321,C. Pressurization,Depressurize the brake system,Ref. AMM TASK 29-10-00-864-004
A321,C. Pressurization,Put the related hydraulic system in depressurized configuration before maintenance,Ref. AMM TASK 29-00-00-864-001
A321,C. Pressurization,Pressurize the bleed system through the High Pressure (HP) ground connector,Ref. AMM TASK 36-12-00-860-002
A321,D. Access Doors,Open the passenger/crew door,Ref. AMM TASK 52-10-00-010-001
A321,D. Access Doors,Close the passenger/crew door,Ref. AMM TASK 52-10-00-410-001
A321,D. Access Doors,Open the avionics compartment doors,Ref. AMM TASK 52-41-00-010-002
A321,D. Access Doors,Close the avionics compartment doors,Ref. AMM TASK 52-41-00-410-002
A321,D. Access Doors,Open the Main Gear door,Ref. AMM TASK 32-12-00-010-001
A321,D. Access Doors,Close the Main Gear door,Ref. AMM TASK 32-12-00-410-001
A321,D. Access Doors,Open the Nose Gear door,Ref. AMM TASK 32-22-00-010-001
A321,D. Access Doors,Close the Nose Gear door,Ref. AMM TASK 32-12-00-410-001
A321,D. Access Doors,Open the APU doors,Ref. AMM TASK 52-41-00-010-001
A321,D. Access Doors,Close the APU doors,Ref. AMM TASK 52-41-00-410-001
A321,D. Access Doors,Open the fan cowl doors,Ref. AMM TASK 71-13-00-010-010
A321,D. Access Doors,Open the fan cowl doors,Ref. AMM TASK 71-13-00-010-803
A321,D. Access Doors,Close the fan cowl doors,Ref. AMM TASK 71-13-00-410-010
A321,D. Access Doors,Close the fan cowl doors,Ref. AMM TASK 71-13-00-410-803
A321,D. Access Doors,Open the thrust reverser doors,Ref. AMM TASK 78-32-00-010-010
A321,D. Access Doors,Open the thrust reverser doors,Ref. AMM TASK 78-36-00-010-806
A321,D. Access Doors,Close the thrust reverser doors,Ref. AMM TASK 78-32-00-410-010
A321,D. Access Doors,Close the thrust reverser doors,Ref. AMM TASK 78-36-00-410-806
A321,E. Fasteners,"Wing-to-fuselage fairings, the belly fairing access-panels and the belly-fairing louver-panel vanes",Ref. AMM TASK 53-35-00-200-002
A321,E. Fasteners,Vertical-stabilizer trailing-edge access-panels,Ref. AMM TASK 55-33-00-200-001
A321,E. Fasteners,Vertical stabilizer fairings and the rudder fairings,Ref. AMM TASK 53-55-00-200-802
A321,E. Fasteners,Lower-deck forward cargo-compartment lining panels,Ref. AMM TASK 25-54-12-300-001
A321,E. Fasteners,Lower-deck aft cargo-compartment lining panels,Ref. AMM TASK 25-55-11-300-001
A321,E. Fasteners,Lower-deck bulk cargo-compartment lining panels,Ref. AMM TASK 25-55-12-300-001
A321,E. Fasteners,Additional-center-tank integrated impact-wall (if installed),Ref. AMM TASK 28-28-00-200-002
A321,E. Fasteners,Pylon fairing panels,Ref. AMM TASK 54-50-00-200-003
A321,E. Fasteners,Pylon fairing panels,Ref. SRM 54-52-11-283-014
A321,E. Fasteners,Pylon fairing panels,Ref. SRM 54-52-11-283-022
A321,E. Fasteners,Forward engine mount,Ref. AMM TASK 71-21-12-200-011
A321,E. Fasteners,Thrust-reverser blocker doors and linkages,Ref. AMM TASK 78-32-00-200-014
A321,E. Fasteners,Mixed exhaust system,Ref. AMM TASK 78-10-00-200-012
A321,F. Antennas,"Location of the Antennas, Probes, Sensors and Exterior Lights","Ref. Fig. Location of the Antennas, Probes, Sensors and Exterior Lights"
A321,F. Antennas,"Location of the Antennas, Probes, Sensors and Exterior Lights","Ref. Fig. Location of the Antennas, Probes, Sensors and Exterior Lights"
A321,G. Servicing,Fill the hydraulic fluid reservoir with a hand pump,Ref. AMM TASK 12-12-29-611-001
A321,G. Servicing,Fill the hydraulic fluid reservoir with a hydraulic service cart,Ref. AMM TASK 12-12-29-611-002
A321,G. Servicing,Do a check of the fluid level on the reservoir indicators,Ref. AMM TASK 29-10-00-200-001
A321,G. Servicing,General rules and main links to the hydraulic systems (bleeding and others),Ref. AMM TASK 29-00-00-910-004
A321,G. Servicing,Check of the nitrogen charge pressure on the hydraulic power accumulators,Ref. AMM TASK 29-10-00-200-008
A321,G. Servicing,Check of the nitrogen charge pressure on the parking/emergency accumulators with the reading gauge,Ref. AMM TASK 32-44-11-200-001
A321,G. Servicing,Charge the door damper and the emergency operation cylinder of the emergency exit doors (if installed),Ref. AMM TASK 52-22-00-614-002
A321,G. Servicing,Charge the door damper and the emergency operation cylinder of the passenger/crew doors,Ref. AMM TASK 52-10-00-614-001
A321,G. Servicing,Inspection of the brakes with the wheels,Ref. AMM TASK 32-42-27-210-001
A321,G. Servicing,Inspection of the brakes without wheels,Ref. AMM TASK 32-42-27-210-006
A321,G. Servicing,Inspection of the wheels and the tires,Ref. AMM TASK 32-41-00-210-002
A321,G. Servicing,Check of the fluid level of the NLG shock absorber,Ref. AMM TASK 12-12-32-611-001
A321,G. Servicing,Check of the charge pressure of the NLG shock absorber,Ref. AMM TASK 12-14-32-614-004
A321,G. Servicing,Check of the fluid level of the MLG shock absorbers,Ref. AMM TASK 12-12-32-611-004
A321,G. Servicing,Check of the MLG shock absorbers before the flight,Ref. AMM TASK 12-14-32-200-001
A321,G. Servicing,Check of the engine oil level and replenish,Ref. AMM TASK 12-13-79-610-011
A321,G. Servicing,Check of the engine oil level and replenish,Ref. AMM TASK 12-13-79-610-805
A321,G. Servicing,Check of the oil-level check of the starter,Ref. AMM TASK 12-13-80-600-010
A321,G. Servicing,Check of the IDG oil level and replenish,Ref. AMM TASK 12-13-24-612-011
A321,G. Servicing,Check of the IDG oil level and replenish,Ref. AMM TASK 12-13-24-612-804
A321,G. Servicing,Check of the APU oil level and replenish,Ref. AMM TASK 12-13-49-612-001
A321,G. Servicing,Pressure refueling with automatic control,Ref. AMM TASK 12-11-28-650-003
A321,G. Servicing,Pressure refueling with manual control,Ref. AMM TASK 12-11-28-650-004
A321,G. Servicing,Pressure refueling without electrical power,Ref. AMM TASK 12-11-28-650-005
A321,G. Servicing,Overwing refuel (if installed),Ref. AMM TASK 12-11-28-650-006
A321,G. Servicing,Drain the water content from the tanks,Ref. AMM TASK 12-32-28-281-001
A321,G. Servicing,Fill the passenger oxygen cylinder (if installed),Ref. AMM TASK 35-21-00-614-002
A321,G. Servicing,Check of the pressure of the crew oxygen cylinder (Cockpit),Ref. AMM TASK 35-10-00-040-001
A321,G. Servicing,Functional test of the emergency lights in the cabin with the LIGHT EMER pushbutton switch,Ref. AMM TASK 33-51-00-710-007
A321,G. Servicing,Functional test of the emergency lights in the cabin with the TEST EMER LIGHT SYS pushbutton switch,Ref. AMM TASK 33-51-00-710-001
A321,G. Servicing,Check of all the cabin lights and signs,Ref. AMM TASK 33-51-00-710-009
A321,G. Servicing,Fill the potable-water tank system with aircraft electrical power,Ref. AMM TASK 12-15-38-613-001
A321,G. Servicing,Fill the potable-water tank system without aircraft electrical power,Ref. AMM TASK 12-15-38-613-002
A321,G. Servicing,Drain the potable water system with electrical power,Ref. AMM TASK 12-24-38-680-001
A321,G. Servicing,Drain the potable water system without electrical power,Ref. AMM TASK 12-24-38-680-002
A321,G. Servicing,Servicing of the toilet system,Ref. AMM TASK 12-16-38-613-001
A321,G. Servicing,Servicing of the liquid soap dispenser,Ref. AMM TASK 12-16-25-613-001
A321,G. Servicing,Parking and the storage of the aircraft,Ref. AMM TASK 10-10-00-550-801
A321,G. Servicing,Clean the aircraft externally,Ref. AMM TASK 12-21-11-615-002
A321,G. Servicing,Clean the aircraft internally,Ref. AMM D/O 12-21-12-03
A321,G. Servicing,Fumigation of the aircraft,Ref. AMM TASK 12-21-12-670-002
A321,G. Servicing,Fumigation of the aircraft,Ref. AMM TASK 12-21-12-670-004
A321,G. Servicing,Cold weather procedures,Ref. AMM TASK 12-31-00-600-001
A330,A. Configuration,Put CHOCK - WHEEL(S) in position,Ref. AMM TASK 10-11-00-555-820
A330,A. Configuration,Make sure that the landing-gear safety devices are installed,Ref. AMM TASK 32-00-00-481-801
A330,A. Configuration,Make sure that the safety devices are installed on the landing gear doors,Ref. AMM TASK 32-00-00-481-802
A330,A. Configuration,Install aircraft protection equipment,Ref. AMM TASK 10-11-00-555-814
A330,A. Configuration,Electrically ground the aircraft (E/E),Ref. AMM TASK 12-34-24-860-802
A330,A. Configuration,Make sure that the flaps and the slats are retracted on the ground,Ref. AMM TASK 27-50-00-866-802
A330,A. Configuration,Make sure that the spoilers are retracted,Ref. AMM TASK 27-60-00-866-802
A330,A. Configuration,Make sure that the thrust reversers are unserviceable,Ref. AMM TASK 78-30-00-040-804
A330,B. Deactivation,Deactivation/Reactivation procedures,Refer to the MMEL or CDL
A330,C. Energization,Energize the aircraft electrical circuits from external power A and B,Ref. AMM TASK 24-41-00-861-801
A330,C. Energization,Energize the aircraft electrical circuits from the APU,Ref. AMM TASK 24-41-00-861-801
A330,C. Energization,De-energize the aircraft electrical circuits from external power A and B,Ref. AMM TASK 24-41-00-862-801
A330,C. Energization,De-energize the aircraft electrical circuits from the APU,Ref. AMM TASK 24-41-00-862-801
A330,C. Pressurization,Depressurize the Green hydraulic system (pressurized with the ground hydraulic supply),Ref. AMM TASK 29-00-00-864-801
A330,C. Pressurization,Pressurize the Green hydraulic system with the ground hydraulic supply,Ref. AMM TASK 29-00-00-863-801
A330,C. Pressurization,Depressurize the Green hydraulic system (pressurized with the electric pump),Ref. AMM TASK 29-00-00-864-801
A330,C. Pressurization,Pressurize the Green hydraulic system with the electric pump,Ref. AMM TASK 29-00-00-863-801
A330,C. Pressurization,Depressurize the Yellow hydraulic system (pressurized with the ground hydraulic supply),Ref. AMM TASK 29-00-00-864-803
A330,C. Pressurization,Pressurize the Yellow hydraulic system with the ground hydraulic supply,Ref. AMM TASK 29-00-00-863-803
A330,C. Pressurization,Depressurize the Yellow hydraulic system (pressurized with the electric pump),Ref. AMM TASK 29-00-00-864-803
A330,C. Pressurization,Pressurize the Yellow hydraulic system with the electric pump,Ref. AMM TASK 29-00-00-863-803
A330,C. Pressurization,Depressurize the Blue hydraulic system (pressurized with the ground hydraulic supply),Ref. AMM TASK 29-00-00-864-802
A330,C. Pressurization,Pressurize the Blue hydraulic system with the ground hydraulic supply,Ref. AMM TASK 29-00-00-863-802
A330,C. Pressurization,Depressurize the Blue hydraulic system (pressurized with the electric pump),Ref. AMM TASK 29-00-00-864-802
A330,C. Pressurization,Pressurize the Blue hydraulic system with the electric pump,Ref. AMM TASK 29-00-00-863-802
A330,C. Pressurization,Put the hydraulic systems in the depressurized-for-maintenance configuration before maintenance with disconnection of the hydraulic lines/components,Ref. AMM TASK 29-00-00-864-805
A330,C. Pressurization,Put the hydraulic systems back to the normal configuration after maintenance with disconnection of the hydraulic lines/components,Ref. AMM TASK 29-00-00-863-804
A330,C. Pressurization,Put the hydraulic systems in the depressurized-for-maintenance configuration before maintenance with no disconnection of the hydraulic lines/components,Ref. AMM TASK 29-00-00-864-806
A330,C. Pressurization,Put the hydraulic systems back to the normal configuration after maintenance with no disconnection of the hydraulic lines/components,Ref. AMM TASK 29-00-00-863-805
A330,C. Pressurization,Pressurize the bleed system through the APU,Ref. AMM TASK 36-12-00-860-801
A330,C. Pressurization,Pressurize the bleed system through the High Pressure (HP) ground connector,Ref. AMM TASK 36-12-00-860-802
A330,D. Access Doors,Open the passenger/crew doors,Ref. AMM TASK 52-10-00-010-801
A330,D. Access Doors,Close the passenger/crew doors,Ref. AMM TASK 52-10-00-410-801
A330,D. Access Doors,Open the Main Landing Gear (MLG) doors,Ref. AMM TASK 32-12-00-010-801
A330,D. Access Doors,Close the MLG doors,Ref. AMM TASK 32-12-00-410-801
A330,D. Access Doors,Open the Nose Landing Gear (NLG) doors,Ref. AMM TASK 32-22-00-010-801
A330,D. Access Doors,Close the NLG doors,Ref. AMM TASK 32-22-00-410-801
A330,D. Access Doors,Open the fan cowl doors,Ref. AMM TASK 71-13-00-010-802
A330,D. Access Doors,Close the fan cowl doors,Ref. AMM TASK 71-13-00-410-802
A330,D. Access Doors,Open the thrust reverser doors,Ref. AMM TASK 78-30-00-010-801
A330,D. Access Doors,Close the thrust reverser doors,Ref. AMM TASK 78-30-00-410-801
A330,E. Fasteners,Wing-to-fuselage fairings and the belly fairing access-panels,Ref. AMM TASK 53-35-00-200-801
A330,E. Fasteners,Pylon fairing panels,Ref. AMM TASK 54-50-00-200-810
A330,E. Fasteners,Lower-deck forward cargo-compartment lining panels,Ref. AMM TASK 25-52-00-300-803
A330,E. Fasteners,Lower-deck aft cargo-compartment lining panels,Ref. AMM TASK 25-53-00-300-803
A330,E. Fasteners,Lower-deck bulk cargo-compartment lining panels,Ref. AMM TASK 25-54-00-300-803
A330,E. Fasteners,Thrust reverser,Ref. AMM TASK 78-30-00-210-802
A330,E. Fasteners,Thrust reverser,Ref. AMM TASK 78-30-00-210-803
A330,F. Antennas,"Location of the Antennas, Probes, Sensors and Exterior Lights","Ref. Fig. Location of the Antennas, Probes, Sensors and Exterior Lights"
A330,G. Servicing,Check of the hydraulic-reservoir fluid level,Ref. AMM TASK 29-31-00-200-801
A330,G. Servicing,"General rules and main links to the hydraulic system (tests, bleeding and others)",Ref. AMM TASK 29-00-00-910-804
A330,G. Servicing,Check of the nitrogen charge pressure on the hydraulic power accumulators,Ref. AMM TASK 29-10-00-200-802
A330,G. Servicing,Check of the nitrogen charge pressure on the normal and alternate brake-return accumulators with the reading gauges,Ref. AMM TASK 32-40-00-210-804
A330,G. Servicing,Check of the nitrogen charge pressure on the alternate parking-brake accumulators with the reading gauges,Ref. AMM TASK 32-40-00-210-805
A330,G. Servicing,Charge the door damper and the emergency operation cylinders at the emergency exit doors,Ref. AMM TASK 52-22-00-600-801
A330,G. Servicing,Charge the door damper and the emergency operation cylinders at the passenger/crew doors,Ref. AMM TASK 52-10-00-600-802
A330,G. Servicing,Inspection of the tires and the wheels,Ref. AMM TASK 32-41-00-210-803
A330,G. Servicing,Inspection and a wear check of the brakes,Ref. AMM TASK 32-40-00-200-801
A330,G. Servicing,Inspection and a wear check of the brakes,Ref. AMM TASK 32-40-00-210-802
A330,G. Servicing,Nitrogen charge pressure-check of the MLG shock absorbers,Ref. AMM TASK 32-11-00-220-819
A330,G. Servicing,Nitrogen charge pressure-check of the NLG shock absorber,Ref. AMM TASK 32-21-00-720-801
A330,G. Servicing,Visual inspection of the MLG shock absorbers (leakage or correct extension),Ref. AMM TASK 32-11-00-210-802
A330,G. Servicing,Visual inspection of the NLG shock absorber (leakage or correct extension),Ref. AMM TASK 32-21-00-210-806
A330,G. Servicing,Engine oil-level check and the filling,Ref. AMM TASK 79-31-00-040-803
A330,G. Servicing,IDG oil-level check and the filling,Ref. AMM TASK 12-13-24-610-801
A330,G. Servicing,APU oil-level check and the filling,Ref. AMM TASK 12-13-49-612-801
A330,G. Servicing,Pressure refueling with automatic control,Ref. AMM TASK 12-11-28-650-803
A330,G. Servicing,Pressure refueling with manual control,Ref. AMM TASK 12-11-28-650-804
A330,G. Servicing,Drain water contents from the wing tanks,Ref. AMM TASK 12-32-28-281-810
A330,G. Servicing,Drain water contents from the wing tanks,Ref. AMM TASK 12-32-28-281-806
A330,G. Servicing,Drain water contents from the trim tanks,Ref. AMM TASK 12-32-28-281-803
A330,G. Servicing,Filling of the passenger oxygen cylinders (if installed),Ref. AMM TASK 12-14-35-614-801
A330,G. Servicing,Check of the crew-oxygen cylinder pressure (Cockpit),Ref. AMM TASK 35-10-00-040-803
A330,G. Servicing,Operational check of the emergency lights with the Multipurpose Control and Display Unit (MCDU),Ref. AMM TASK 33-51-00-710-801
A330,G. Servicing,"Operational test of the general illumination (cabin, entry, Video Control Center (VCC) and crew rest)",Ref. AMM TASK 33-21-00-710-801
A330,G. Servicing,Operational test of the cabin illumination with the MCDU (if available),Ref. AMM TASK 33-21-00-710-806
A330,G. Servicing,Fill the potable-water tank system with aircraft electrical power,Ref. AMM TASK 12-15-38-613-801
A330,G. Servicing,Fill the potable-water tank system without aircraft electrical power,Ref. AMM TASK 12-15-38-613-802
A330,G. Servicing,Drain the potable water system with electrical power,Ref. AMM TASK 12-24-38-680-801
A330,G. Servicing,Drain the potable water system without electrical power,Ref. AMM TASK 12-24-38-680-802
A330,G. Servicing,Servicing of the toilet system,Ref. AMM TASK 12-16-38-613-801
A330,G. Servicing,Servicing of the liquid soap dispenser,Ref. AMM TASK 12-16-25-613-801
A330,G. Servicing,Park or do the storage of the aircraft,Ref. AMM TASK 10-10-00-555-801
A330,G. Servicing,Clean the aircraft externally,Ref. AMM TASK 12-21-11-615-802
A330,G. Servicing,Clean the aircraft internally,Refer to AMM 12-21-12 PB 301
A330,G. Servicing,Fumigation of the aircraft,Ref. AMM TASK 12-21-12-670-802
A330,G. Servicing,Fumigation of the aircraft,Ref. AMM TASK 12-21-12-670-804
A330,G. Servicing,Anti-icing protection,Ref. AMM TASK 12-31-11-660-801
A330,G. Servicing,De-icing in an open area with the engines stopped,Ref. AMM TASK 12-31-12-660-801
A330,G. Servicing,De-icing in an open area with the engines in operation,Ref. AMM TASK 12-31-12-660-802
A330,G. Servicing,De-icing after a landing with snow on the runways,Ref. AMM TASK 12-31-12-660-803
A350,A. Configuration,Installation of the CHOCK - WHEEL(S),Ref. MP A350-A-10-11-XX-03ZZZ-170Z-A
A350,A. Configuration,Installation of the safety devices on the landing gears,Ref. MP A350-A-32-XX-XX-01ZZZ-397Z-A
A350,A. Configuration,Installation of the safety devices on the landing gear doors,Ref. MP A350-A-32-XX-XX-03ZZZ-397Z-A
A350,A. Configuration,Grounding of the aircraft (E/E),Ref. MP A350-A-24-41-XX-00ZZZ-170Z-A
A350,A. Configuration,Installation of the protection covers/devices on the aircraft,Ref. MP A350-A-10-11-XX-01ZZZ-170Z-A
A350,A. Configuration,"Retraction of the flaps, the slats and the droop noses",Ref. MP A350-A-27-5X-XX-05ZZZ-170Z-A
A350,A. Configuration,Retraction of the spoilers,Ref. MP A350-A-27-64-XX-01ZZZ-170Z-A
A350,A. Configuration,Inhibition of the thrust reverser for maintenance,Ref. MP A350-A-78-3X-XX-00ZZZ-343Z-A
A350,B. Deactivation,Deactivation/Reactivation MPs,Refer to the MMEL or CDL
A350,C. Energization,Energization of the aircraft electrical circuits from the external power receptacles,Ref. MP A350-A-24-41-XX-00ZZZ-761Z-A
A350,C. Energization,Energization of the aircraft electrical circuits from the external power receptacles,Ref. MP A350-A-24-41-XX-00001-761B-A
A350,C. Energization,Energization of the aircraft electrical circuits from the external power receptacles,Ref. MP A350-A-24-41-XX-00001-761C-A
A350,C. Energization,Energization of the aircraft electrical circuits from the APU,Ref. MP A350-A-24-41-XX-00001-761E-A
A350,C. Energization,De-energization of the aircraft electrical circuits from the external power receptacles,Ref. MP A350-A-24-41-XX-00ZZZ-561Z-A
A350,C. Energization,De-energization of the aircraft electrical circuits from the external power receptacles,Ref. MP A350-A-24-41-XX-00001-561B-A
A350,C. Energization,De-energization of the aircraft electrical circuits from the external power receptacles,Ref. MP A350-A-24-41-XX-00001-561C-A
A350,C. Energization,De-energization of the aircraft electrical circuits from the APU,Ref. MP A350-A-24-41-XX-00001-561E-A
A350,C. Pressurization,Pressurization of the Green hydraulic system with the electric pump,Ref. MP A350-A-29-XX-XX-00ZZZ-762Z-A
A350,C. Pressurization,Pressurization of the Green hydraulic system with the hydraulic ground power-cart,Ref. MP A350-A-29-XX-XX-02ZZZ-762Z-A
A350,C. Pressurization,Pressurization of the Yellow hydraulic system with the electric pump,Ref. MP A350-A-29-XX-XX-01ZZZ-762Z-A
A350,C. Pressurization,Pressurization of the Yellow hydraulic system with the hydraulic ground power-cart,Ref. MP A350-A-29-XX-XX-03ZZZ-762Z-A
A350,C. Pressurization,Depressurization of the Green hydraulic system with the electric pump,Ref. MP A350-A-29-XX-XX-02ZZZ-562Z-A
A350,C. Pressurization,Depressurization of the Green hydraulic system with the hydraulic ground power-cart,Ref. MP A350-A-29-XX-XX-00ZZZ-562Z-A
A350,C. Pressurization,Depressurization of the Yellow hydraulic system with the electric pump,Ref. MP A350-A-29-XX-XX-03ZZZ-562Z-A
A350,C. Pressurization,Depressurization of the Yellow hydraulic system with the hydraulic ground power-cart,Ref. MP A350-A-29-XX-XX-01ZZZ-562Z-A
A350,C. Pressurization,Depressurization of the related hydraulic system before maintenance,Ref. MP A350-A-29-XX-XX-04ZZZ-562Z-A
A350,C. Pressurization,Depressurization of the related hydraulic system before maintenance,Ref. MP A350-A-29-XX-XX-05ZZZ-562Z-A
A350,C. Pressurization,Pressurization of the bleed air system through the HP ground connectors,Ref. MP A350-A-36-12-XX-00ZZZ-398Z-A
A350,C. Pressurization,Pressurization of the bleed air system through the APU,Ref. MP A350-A-36-12-XX-01ZZZ-398Z-A
A350,D. Access Doors,Opening of the passenger/crew doors,Ref. MP A350-A-52-1X-XX-00ZZZ-132Z-A
A350,D. Access Doors,Closing of the passenger/crew doors,Ref. MP A350-A-52-1X-XX-01ZZZ-132Z-A
A350,D. Access Doors,Opening of the cockpit escape hatch (Cockpit),Ref. MP A350-A-52-21-74-00ZZZ-132Z-A
A350,D. Access Doors,Closing of the cockpit escape hatch (Cockpit),Ref. MP A350-A-52-21-74-00ZZZ-133Z-A
A350,D. Access Doors,Opening of the avionics compartment door (E/E),Ref. MP A350-A-52-41-73-00ZZZ-132Z-A
A350,D. Access Doors,Closing of the avionics compartment door (E/E),Ref. MP A350-A-52-41-73-00ZZZ-133Z-A
A350,D. Access Doors,Opening of the bulk cargo-compartment door,Ref. MP A350-A-52-3X-XX-04ZZZ-132Z-A
A350,D. Access Doors,Closing of the bulk cargo-compartment door,Ref. MP A350-A-52-3X-XX-00ZZZ-133Z-A
A350,D. Access Doors,Opening of the forward and aft cargo-compartment doors,Ref. MP A350-A-52-3X-XX-00ZZZ-132Z-A
A350,D. Access Doors,Opening of the forward and aft cargo-compartment doors,Ref. MP A350-A-52-3X-XX-09ZZZ-132Z-A
A350,D. Access Doors,Opening of the forward and aft cargo-compartment doors,Ref. MP A350-A-52-3X-XX-02ZZZ-132Z-A
A350,D. Access Doors,Closing of the forward and aft cargo-compartment doors,Ref. MP A350-A-52-3X-XX-01ZZZ-132Z-A
A350,D. Access Doors,Closing of the forward and aft cargo-compartment doors,Ref. MP A350-A-52-3X-XX-05ZZZ-133Z-A
A350,D. Access Doors,Closing of the forward and aft cargo-compartment doors,Ref. MP A350-A-52-3X-XX-03ZZZ-132Z-A
A350,D. Access Doors,Opening of the NLG doors,Ref. MP A350-A-32-22-XX-00ZZZ-397Z-A
A350,D. Access Doors,Closing of the NLG doors,Ref. MP A350-A-32-22-XX-01ZZZ-397Z-A
A350,D. Access Doors,Opening of the MLG doors,Ref. MP A350-A-32-12-XX-00ZZZ-397Z-A
A350,D. Access Doors,Closing of the MLG doors,Ref. MP A350-A-32-12-XX-01ZZZ-397Z-A
A350,D. Access Doors,Opening of the fan cowl doors,Ref. MP A350-A-71-13-XX-00ZZZ-398Z-A
A350,D. Access Doors,Closing of the fan cowl doors,Ref. MP A350-A-71-13-XX-01ZZZ-398Z-A
A350,D. Access Doors,Opening of the thrust reverser cowls,Ref. MP A350-A-78-3X-XX-00ZZZ-398Z-A
A350,D. Access Doors,Closing of the thrust reverser cowls,Ref. MP A350-A-78-3X-XX-01ZZZ-398Z-A
A350,D. Access Doors,Opening of the APU doors,Ref. MP A350-A-52-41-74-00ZZZ-132Z-A
A350,D. Access Doors,Closing of the APU doors,Ref. MP A350-A-52-41-74-00ZZZ-133Z-A
A350,E. Fasteners,Acceptance criteria for belly fairing access-panels,Ref. MP A350-A-53-35-XX-00ZZZ-282Z-A
A350,E. Fasteners,Acceptance criteria for pylon fairing panels,Ref. MP A350-A-54-5X-XX-00ZZZ-398Z-A
A350,E. Fasteners,Acceptance criteria for cargo-compartment lining panels,Ref. MP A350-A-50-13-XX-00ZZZ-282Z-A
A350,E. Fasteners,Acceptance criteria for fan-cowl door components,Ref. MP A350-A-71-13-XX-00ZZZ-310Z-A
A350,E. Fasteners,Acceptance criteria for electrical harnesses and the cables,Ref. MP A350-A-71-5X-XX-00ZZZ-310Z-A
A350,E. Fasteners,Acceptance criteria for the thrust reverser system,Ref. MP A350-A-78-3X-XX-00ZZZ-310Z-A
A350,E. Fasteners,Acceptance criteria for the thrust-reverser deployment mechanism,Ref. MP A350-A-78-35-XX-00ZZZ-310Z-A
A350,F. Antennas,"Location of the Antennas, the Probes and the Sensors","Ref. Fig. Location of the Antennas, the Probes and the Sensors"
A350,F. Antennas,Location of the External Lights,Ref. Fig. Location of the External Lights
A350,G/H/I. Servicing,Filling of the hydraulic fluid reservoir with the hydraulic ground filling-equipment and the hydraulic ground power-cart,Ref. MP A350-A-29-14-XX-08ZZZ-210Z-A
A350,G/H/I. Servicing,Filling of the hydraulic fluid reservoir with the hydraulic ground filling-equipment and the hydraulic ground power-cart,Ref. MP A350-A-29-14-XX-0EZZZ-210Z-A
A350,G/H/I. Servicing,Filling of the hydraulic fluid reservoir with the hand pump,Ref. MP A350-A-29-14-XX-09ZZZ-210Z-A
A350,G/H/I. Servicing,Filling of the hydraulic fluid reservoir with the hand pump,Ref. MP A350-A-29-14-XX-0AZZZ-210Z-A
A350,G/H/I. Servicing,Check of the hydraulic-fluid reservoir level on the Ground Service Panel (GSP),Ref. MP A350-A-29-14-XX-00ZZZ-310Z-A
A350,G/H/I. Servicing,Check of the hydraulic-fluid reservoir level on the visual level indicator,Ref. MP A350-A-29-14-XX-01ZZZ-310Z-A
A350,G/H/I. Servicing,General rules for the removal and installation of the hydraulic system,Ref. MP A350-A-29-XX-XX-02ZZZ-170Z-A
A350,G/H/I. Servicing,Pressure check of the hydraulic brake accumulator of the alternate braking,Ref. MP A350-A-32-43-XX-00ZZZ-281Z-A
A350,G/H/I. Servicing,Pressure check of the hydraulic brake accumulator of the alternate braking,Ref. MP A350-A-32-43-XX-01ZZZ-281Z-A
A350,G/H/I. Servicing,"Inspection of the wheels, tires and brakes",Ref. MP A350-A-32-41-XX-01ZZZ-310Z-A
A350,G/H/I. Servicing,Inspection of the brakes heat-pack wear-indicator,Ref. MP A350-A-32-41-XX-00ZZZ-310Z-A
A350,G/H/I. Servicing,Filling of the shock struts for the NLG,Ref. MP A350-A-32-XX-XX-08ZZZ-200Z-A
A350,G/H/I. Servicing,Filling of the shock struts for the NLG,Ref. MP A350-A-32-XX-XX-0HZZZ-200Z-A
A350,G/H/I. Servicing,Filling of the shock struts for the MLG,Ref. MP A350-A-32-XX-XX-05ZZZ-200Z-A
A350,G/H/I. Servicing,Filling of the shock struts for the MLG,Ref. MP A350-A-32-XX-XX-0GZZZ-200Z-A
A350,G/H/I. Servicing,Visual inspection of the NLG shock-strut,Ref. MP A350-A-32-21-XX-00ZZZ-310Z-A
A350,G/H/I. Servicing,Visual inspection of the MLG shock-strut,Ref. MP A350-A-32-11-XX-02ZZZ-281Z-A
A350,G/H/I. Servicing,Check of the oil level and the filling of the VFG,Ref. MP A350-A-24-22-XX-00ZZZ-210Z-A
A350,G/H/I. Servicing,Check of the oil level and the filling of the APU,Ref. MP A350-A-49-91-XX-00ZZZ-210Z-A
A350,G/H/I. Servicing,Check of the oil level and the filling of the engine,Ref. MP A350-A-79-XX-XX-01ZZZ-200Z-A
A350,G/H/I. Servicing,Operational test of the manual and automatic activation of the emergency lighting system,Ref. MP A350-A-33-51-XX-04ZZZ-320Z-A
A350,G/H/I. Servicing,BITE test of the cabin illumination,Ref. MP A350-A-33-21-XX-00ZZZ-343Z-A
A350,G/H/I. Servicing,Operational test of the cockpit general illumination (Cockpit),Ref. MP A350-A-33-12-XX-00ZZZ-320Z-A
A350,G/H/I. Servicing,Filling of the potable water system with electrical power,Ref. MP A350-A-38-1X-XX-00ZZZ-210Z-A
A350,G/H/I. Servicing,Filling of the potable water system without electrical power,Ref. MP A350-A-38-1X-XX-01ZZZ-210Z-A
A350,G/H/I. Servicing,Draining of the PWS with electrical power,Ref. MP A350-A-38-1X-XX-00ZZZ-220Z-A
A350,G/H/I. Servicing,Draining of the PWS without electrical power,Ref. MP A350-A-38-1X-XX-02ZZZ-220Z-A
A350,G/H/I. Servicing,Servicing of the toilet system,Ref. MP A350-A-38-31-XX-00ZZZ-200Z-A
A350,G/H/I. Servicing,Parking and Storage Procedure,Ref. MP A350-A-10-1X-XX-00ZZZ-170Z-A
A350,G/H/I. Servicing,External cleaning of the aircraft,Ref. MP A350-A-12-21-11-00ZZZ-200Z-A
A350,G/H/I. Servicing,Internal cleaning of the aircraft,Ref. MP A350-A-12-21-12-00ZZZ-200Z-A
A350,G/H/I. Servicing,Cold-weather maintenance procedures,Ref. MP A350-A-12-31-XX-00ZZZ-170Z-A
A350,G/H/I. Servicing,Pressure refueling with the automatic control,Ref. MP A350-A-28-25-XX-00ZZZ-211Z-A
A350,G/H/I. Servicing,Pressure refueling with the manual control,Ref. MP A350-A-28-25-XX-01ZZZ-211Z-A
A350,G/H/I. Servicing,Draining the water that collected in the fuel tanks,Ref. MP A350-A-28-11-XX-09ZZZ-200Z-A
A350,G/H/I. Servicing,Check of the pressure of the oxygen cylinder (Cockpit),Ref. MP A350-A-35-1X-XX-01ZZZ-560Z-A
A380,A. Configuration,Put CHOCK - WHEEL(S) in position,Ref. AMM TASK 10-11-00-555-810
A380,A. Configuration,Make sure that the landing-gear safety devices are installed,Ref. AMM TASK 32-00-00-481-801
A380,A. Configuration,Make sure that the landing-gear door safety-devices are installed,Ref. AMM TASK 32-00-00-481-802
A380,A. Configuration,Install aircraft protection devices,Ref. AMM TASK 10-11-00-553-801
A380,A. Configuration,Electrically ground the aircraft (E/E),Ref. AMM TASK 24-41-00-860-801
A380,A. Configuration,Make sure that the flaps and slats are retracted on the ground,Ref. AMM TASK 27-50-00-866-805
A380,A. Configuration,Make sure that the spoilers are retracted,Ref. AMM TASK 27-64-00-866-802
A380,A. Configuration,Make sure that the thrust reversers are unserviceable,Ref. AMM TASK 78-30-00-040-801
A380,B. Deactivation,Deactivation/Reactivation procedures,Refer to the MMEL or CDL
A380,C. Energization,"Energize the aircraft electrical circuits from the external power receptacles 2, 3, 1 and 4",Ref. AMM TASK 24-41-00-861-801
A380,C. Energization,Energize the aircraft electrical circuits from the APU,Ref. AMM TASK 24-41-00-861-801
A380,C. Energization,"De-energize the aircraft electrical circuits from the external power receptacles 2, 3, 1 and 4",Ref. AMM TASK 24-41-00-862-801
A380,C. Energization,De-energize the aircraft electrical circuits from the APU,Ref. AMM TASK 24-41-00-862-801
A380,C. Pressurization,Pressurize the Green hydraulic system with the hydraulic ground-power cart,Ref. AMM TASK 29-00-00-863-801
A380,C. Pressurization,Pressurize the Green hydraulic system with the electric pumps,Ref. AMM TASK 29-00-00-863-801
A380,C. Pressurization,Pressurize the Yellow hydraulic system with the hydraulic ground-power cart,Ref. AMM TASK 29-00-00-863-802
A380,C. Pressurization,Pressurize the Yellow hydraulic system with the electric pumps,Ref. AMM TASK 29-00-00-863-802
A380,C. Pressurization,Depressurize the Green hydraulic system (pressurized with the hydraulic ground-power cart),Ref. AMM TASK 29-00-00-864-801
A380,C. Pressurization,Depressurize the Green hydraulic system (pressurized with the electric pumps),Ref. AMM TASK 29-00-00-864-801
A380,C. Pressurization,Depressurize the Yellow hydraulic system (pressurized with the hydraulic ground-power cart),Ref. AMM TASK 29-00-00-864-802
A380,C. Pressurization,Depressurize the Yellow hydraulic system (pressurized with the electric pumps),Ref. AMM TASK 29-00-00-864-802
A380,C. Pressurization,Put the related hydraulic system in depressurized configuration before maintenance,Ref. AMM TASK 29-00-00-864-803
A380,C. Pressurization,Pressurize the bleed system through the APU,Ref. AMM TASK 36-12-00-860-801
A380,C. Pressurization,Pressurize the bleed system through the HP ground connector,Ref. AMM TASK 36-12-00-860-802
A380,D. Access Doors,Open the passenger/crew doors,Ref. AMM TASK 52-10-00-010-801
A380,D. Access Doors,Close the passenger/crew doors,Ref. AMM TASK 52-10-00-410-801
A380,D. Access Doors,Open the WLG doors,Ref. AMM TASK 32-12-00-010-801
A380,D. Access Doors,Close the WLG doors,Ref. AMM TASK 32-12-00-410-801
A380,D. Access Doors,Open the BLG doors,Ref. AMM TASK 32-18-00-010-801
A380,D. Access Doors,Open the BLG doors,Ref. AMM TASK 32-18-00-010-802
A380,D. Access Doors,Close the BLG doors,Ref. AMM TASK 32-18-00-410-801
A380,D. Access Doors,Close the BLG doors,Ref. AMM TASK 32-18-00-410-802
A380,D. Access Doors,Open the NLG doors,Ref. AMM TASK 32-22-00-010-801
A380,D. Access Doors,Close the NLG doors,Ref. AMM TASK 32-22-00-410-801
A380,D. Access Doors,Open the fan cowl doors,Ref. AMM TASK 71-13-00-010-801
A380,D. Access Doors,Close the fan cowl doors,Ref. AMM TASK 71-13-00-410-801
A380,D. Access Doors,Open the thrust reverser doors,Ref. AMM TASK 78-26-00-010-801
A380,D. Access Doors,Close the thrust reverser doors,Ref. AMM TASK 78-26-00-410-801
A380,E. Fasteners,Belly fairing access-panels,Ref. AMM TASK 53-35-00-200-801
A380,E. Fasteners,Pylon fairing panels,Ref. AMM TASK 54-50-00-200-801
A380,E. Fasteners,Lower-deck FWD cargo-compartment lining panels,Ref. AMM TASK 50-13-00-210-801
A380,E. Fasteners,Lower-deck AFT cargo-compartment lining panels,Ref. AMM TASK 50-14-00-210-801
A380,E. Fasteners,Lower-deck bulk cargo-compartment lining panels,Ref. AMM TASK 50-15-00-210-801
A380,E. Fasteners,"Fan cowl doors, access panels and strakes",Ref. AMM TASK 71-13-41-200-801
A380,E. Fasteners,"Fan cowl latches, keepers and adjacent structure",Ref. AMM TASK 71-13-44-200-803
A380,E. Fasteners,Thrust-reverser flex shafts,Ref. AMM TASK 78-31-41-200-801
A380,E. Fasteners,Blocker doors,Ref. AMM TASK 78-32-00-220-801
A380,E. Fasteners,6 and 12 o'clock fire shields of the fan exhaust cowls,Ref. AMM TASK 78-32-00-210-810
A380,E. Fasteners,Inboard leading-edge access-panels,Ref. AMM TASK 57-41-00-200-802
A380,E. Fasteners,Mid leading-edge access-panels,Ref. AMM TASK 57-42-00-200-802
A380,E. Fasteners,Outboard leading-edge access-panels,Ref. AMM TASK 57-43-00-200-801
A380,F. Antennas,"Location of the Antennas, Probes, Sensors and External Lights","Ref. Fig. Location of the Antennas, Probes, Sensors and External Lights"
A380,G. Servicing,Check of the hydraulic-reservoir fluid level,Ref. AMM TASK 29-31-00-200-801
A380,G. Servicing,"General rules and main links to hydraulic systems (tests, bleeding, etc.)",Ref. AMM TASK 29-00-00-910-802
A380,G. Servicing,Check of the nitrogen pressure on normal and alternate brake accumulators with gage indications,Ref. AMM TASK 32-40-00-210-805
A380,G. Servicing,Inspection of the wheels and tires,Ref. AMM TASK 32-41-00-210-803
A380,G. Servicing,Inspection and wear check of the brakes,Ref. AMM TASK 32-40-00-200-801
A380,G. Servicing,Inspection and wear check of the brakes,Ref. AMM TASK 32-42-00-210-802
A380,G. Servicing,Charge the WLG shock absorber,Ref. AMM TASK 32-00-00-614-803
A380,G. Servicing,Charge the WLG shock absorber,Ref. AMM TASK 32-00-00-614-804
A380,G. Servicing,Charge the BLG shock absorber,Ref. AMM TASK 32-00-00-614-805
A380,G. Servicing,Charge the BLG shock absorber,Ref. AMM TASK 32-00-00-614-806
A380,G. Servicing,Charge the NLG shock absorber,Ref. AMM TASK 32-00-00-614-807
A380,G. Servicing,Charge the NLG shock absorber,Ref. AMM TASK 32-00-00-614-808
A380,G. Servicing,"Visual check of the WLG shock absorber (leakage, normal extension)",Ref. AMM TASK 32-11-00-210-801
A380,G. Servicing,"Visual check of the BLG shock absorber (leakage, normal extension)",Ref. AMM TASK 32-17-00-210-811
A380,G. Servicing,"Visual check of the NLG shock absorber (leakage, normal extension)",Ref. AMM TASK 32-21-00-210-806
A380,G. Servicing,Engine oil-level check and replenishing,Ref. AMM TASK 79-00-00-610-801
A380,G. Servicing,VFG oil-level check and replenishing,Ref. AMM TASK 24-21-00-612-801
A380,G. Servicing,APU oil-level check and replenishing,Ref. AMM TASK 49-91-00-612-802
A380,G. Servicing,Pressure refuel with automatic control,Ref. AMM TASK 28-25-00-650-803
A380,G. Servicing,Pressure refuel with automatic control,Ref. AMM TASK 28-25-00-650-805
A380,G. Servicing,Pressure refuel with manual control,Ref. AMM TASK 28-25-00-650-804
A380,G. Servicing,Drain water contents from the wing tanks,Ref. AMM TASK 28-11-00-281-803
A380,G. Servicing,Drain water contents from the trim tanks,Ref. AMM TASK 28-11-00-281-804
A380,G. Servicing,Replenishing of the passenger oxygen cylinders (if installed),Ref. AMM TASK 35-21-00-614-801
A380,G. Servicing,Operational test of manual and automatic activation of the emergency lighting system,Ref. AMM TASK 33-51-00-710-801
A380,G. Servicing,Operational test of the general illumination,Ref. AMM TASK 33-21-00-710-801
A380,G. Servicing,Fill the Potable Water System (PWS) with electrical power,Ref. AMM TASK 38-10-00-613-801
A380,G. Servicing,Fill the PWS without electrical power,Ref. AMM TASK 38-10-00-613-801
A380,G. Servicing,Drain the PWS with electrical power,Ref. AMM TASK 38-10-00-680-801
A380,G. Servicing,Drain the PWS without electrical power,Ref. AMM TASK 38-10-00-680-801
A380,G. Servicing,Servicing of the toilet system,Ref. AMM TASK 38-31-00-613-801
A380,G. Servicing,Servicing of the soap dispenser (if installed),Ref. AMM TASK 25-40-00-613-801
A380,G. Servicing,Parking or storage of the aircraft,Ref. AMM TASK 10-10-00-555-801
A380,G. Servicing,Clean the aircraft externally,Ref. AMM TASK 12-21-11-615-801
A380,G. Servicing,Clean the aircraft internally,Ref. AMM TASK 12-21-12-100-801
A380,G. Servicing,Anti-icing protection,Ref. AMM TASK 12-31-11-660-801
A380,G. Servicing,De-icing in an open area with engines stopped,Ref. AMM TASK 12-31-12-660-801
A380,G. Servicing,De-icing in an open area with engines in operation,Ref. AMM TASK 12-31-12-660-802
A380,G. Servicing,De-icing after landing with snow on the runways,Ref. AMM TASK 12-31-12-660-803
A321,H. Unscheduled,Find and measure all types of leaks,Ref. AMM TASK 05-50-00-790-001
A321,H. Unscheduled,Find all the unscheduled maintenance inspections,Ref. AMM 05-51-XX-06
A321,J. Standard Prac.,Find the standard procedures,AMM 20-20-00-00
A321,J. Standard Prac.,Find the standard torques,AMM 20-21-XX-02
A321,J. Standard Prac.,Find the installation and repair of tubings,Ref. AMM TASK 20-23-11-917-002
A321,J. Standard Prac.,Find the bonding procedures,Ref. AMM TASK 20-28-00-912-802
A321,J. Standard Prac.,Find the wiring standard procedures (Engine),Ref. AMM D/O 70-71-00-00
A321,J. Standard Prac.,Find the standard torques procedures (Engine),Ref. AMM TASK 70-23-11-911-013
A321,J. Standard Prac.,Find the engine standard practices (IAE),AMM 70-00-00-00
A321,J. Standard Prac.,Find the standard torques (Engine),Ref. AMM TASK 70-24-00-910-814
A321,J. Standard Prac.,E/E standard procedures,Ref. ESPM 20-51-00
A321,J. Standard Prac.,E/E repair procedures,Ref. ESPM 20-53-00
A321,J. Standard Prac.,E/E cleaning procedures,Ref. ESPM 20-55-00
A321,K. Data Loading,Upload the FM data,Ref. AMM TASK 22-70-00-610-008
A321,K. Data Loading,Crossload FM data,Ref. AMM TASK 22-70-00-610-009
A321,K. Data Loading,Download FM data,Ref. AMM TASK 22-70-00-610-006
A321,K. Data Loading,Upload the FDIMU DFDRS software,Ref. AMM TASK 31-33-00-710-013
A321,K. Data Loading,Upload the optical QAR software,Ref. AMM TASK 31-33-00-710-008
A321,K. Data Loading,Upload the WGL-QAR software,Ref. AMM TASK 31-33-00-710-017
A321,L. Materials,Consumable Material List (CML) general information,AMM 20-31-00-00
A321,L. Materials,List of materials for APU service,AMM 20-33-00-00
A321,L. Materials,List of materials for IDG service,AMM 20-34-00-00
A321,L. Materials,Consumable Material List (Engine),Ref. AMM TASK 70-30-00-918-010
A321,L. Materials,Consumable Material List (Engine),Ref. AMM TASK 70-30-00-918-804
A330,H. Unscheduled,Find and measure all types of leaks,Ref. AMM TASK 05-50-00-790-801
A330,H. Unscheduled,Find all the unscheduled maintenance inspections,Ref. AMM 05-51-XX PB 601
A330,J. Standard Prac.,Find the standard procedures (Airframe),Ref. AMM D/O 20-20-00-00
A330,J. Standard Prac.,Find the standard torques (Airframe),Ref. AMM D/O 20-21-00-00
A330,J. Standard Prac.,Find the installation and repair of tubings,AMM 20-23-11 PB 201
A330,J. Standard Prac.,Find the bonding procedures,AMM 20-28-00 PB 201
A330,J. Standard Prac.,Find the wiring standard procedures (Engine),Ref. AMM TASK 70-71-00-910-801
A330,J. Standard Prac.,Find the standard torques (Engine),Ref. AMM TASK 70-23-00-910-801
A330,J. Standard Prac.,Find the nacelle maintenance procedures,Ref. AMM TASK 70-00-00-910-801
A330,J. Standard Prac.,E/E standard procedures,ESPM 20-51-00
A330,J. Standard Prac.,E/E repair procedures,ESPM 20-53-00
A330,J. Standard Prac.,E/E cleaning procedures,ESPM 20-55-00
A330,K. Data Loading,Crossload the FM data,Ref. AMM TASK 22-70-00-610-807
A330,K. Data Loading,Download the FM data,Ref. AMM TASK 22-70-00-610-808
A330,K. Data Loading,Upload the FM data,Ref. AMM TASK 22-70-00-610-809
A330,K. Data Loading,Upload the FDIU software,Ref. AMM TASK 31-33-00-710-811
A330,K. Data Loading,Upload the FDIMU software,Ref. AMM TASK 31-33-00-710-809
A330,K. Data Loading,Upload the QAR software,Ref. AMM TASK 31-33-00-710-806
A330,L. Materials,List of materials for aircraft service,AMM D/O 20-31-00-00
A330,L. Materials,List of materials for APU service,AMM D/O 20-33-00-00
A330,L. Materials,List of materials for IDG service,AMM D/O 20-34-00-00
A330,L. Materials,Consumable Material List (Engine),Ref. AMM TASK 70-30-00-910-801
A350,H. Unscheduled,Measurement of hydraulic system leaks,Ref. MP A350-A-29-XX-XX-00ZZZ-360Z-A
A350,H. Unscheduled,Measurement of fuel system leaks,Ref. MP A350-A-28-11-XX-00ZZZ-282Z-A
A350,H. Unscheduled,Measurement of power-plant system leaks,Ref. MP A350-A-71-71-63-00ZZZ-360Z-A
A350,H. Unscheduled,All unscheduled maintenance inspections,Refer to 0551XX
A350,J. Standard Prac.,Standard mechanical torques (Airframe),Ref. MP A350-A-20-51-50-01ZZZ-25BZ-A
A350,J. Standard Prac.,Installation and repair of the tubing,Ref. MP A350-A-20-51-61-04ZZZ-25BZ-A
A350,J. Standard Prac.,Engine standard procedures,Ref. MP A350-A-71-XX-XX-06ZZZ-398Z-A
A350,J. Standard Prac.,Standard tightening torques (Engine),Ref. MP A350-A-70-70-63-04ZZZ-398Z-A
A350,J. Standard Prac.,E/E standard / repair / cleaning procedures,ESP 205100 / 205300 / 205500
A350,K. Data Loading,Download of the files from the FMC,Ref. MP A350-A-22-7X-XX-01ZZZ-752Z-A
A350,K. Data Loading,Upload of the software to the FMC,Ref. MP A350-A-22-7X-XX-00ZZZ-752Z-A
A350,K. Data Loading,Upload of the software to the CDAU (SSFDR),Ref. MP A350-A-31-33-XX-00ZZZ-752Z-A
A350,L. Materials,List of materials for APU servicing,Ref. MP A350-A-49-91-XX-01ZZZ-200Z-A
A350,L. Materials,List of materials for VFG servicing,Ref. MP A350-A-24-22-XX-03ZZZ-200Z-A
A350,L. Materials,Consumable Material List (Engine),Ref. MP A350-A-70-8X-XX-00ZZZ-398Z-A
A380,H. Unscheduled,Find and measure all types of leaks,Ref. AMM TASK 05-50-00-790-801
A380,H. Unscheduled,Find all the unscheduled maintenance inspections,Ref. AMM 05-51-XX PB 601
A380,J. Standard Prac.,Find the standard procedures (Airframe),AMM 20-2X-XX PB 201
A380,J. Standard Prac.,Find the standard torques (Airframe),AMM 20-21-XX PB 201
A380,J. Standard Prac.,Find the installation and repair of tubing,AMM 20-23-11 PB 201
A380,J. Standard Prac.,Find the bonding procedures,AMM 20-28-00 PB 201
A380,J. Standard Prac.,Find the wiring standard procedures (Engine),AMM 70-71-00 PB 201
A380,J. Standard Prac.,Find the standard torques (Engine),Ref. AMM TASK 70-51-00-910-801
A380,J. Standard Prac.,E/E standard / repair / cleaning procedures,ESPM 20-51-00 / 20-53-00 / 20-55-00
A380,K. Data Loading,Download files from the FMC,Ref. AMM TASK 22-70-00-860-804
A380,K. Data Loading,Upload software to the FMC,Ref. AMM TASK 22-70-00-616-801
A380,K. Data Loading,DFDRS loading,AMM 45-33-00 PB 001
A380,L. Materials,List of materials for aircraft service,AMM 20-31-00 PB 001
A380,L. Materials,List of materials for APU service,Ref. AMM TASK 49-91-00-910-801
A380,L. Materials,List of approved engine lubricating oils,Ref. AMM TASK 70-02-02-910-801
A380,L. Materials,Consumable Material List (Engine),Ref. AMM TASK 70-30-00-910-804